,column_name,mean_shap_imp,std_shap_imp,min_rank,max_rank,mean_rank,median_rank,std_rank
991,rs76904798_T C,0.0028153056278824805,0.001766490667985101,62,495,162.4,83,186.42639298125147
965,rs34311866_T T,0.0012019690126180648,0.0008175375215428016,104,199,148.2,152,35.14541221838207
932,rs11158026_C C,0.001021162886172533,0.001416528402307028,94,517,349.0,507,225.13662518568586
930,rs10847864_T T,0.0006376080098561942,0.0006521153616892506,128,504,288.4,156,195.7506066401839
955,rs2280104_C C,0.0006317067571217194,0.0005377008034175847,121,212,177.0,199,40.21815510438041
1004,rs979812_T T,0.0005256027332507073,0.0007669961546702899,125,521,363.8,513,209.4485617043001
945,rs12283611_C C,0.0003757646314625163,0.0008103631389977387,121,525,373.6,492,190.5893491252856
1002,rs979812_G G,0.0003469982533715665,0.0005022301505322583,142,515,369.8,511,196.30511964796028
938,rs11610045_G G,0.000308924843557179,0.00042407954017916296,161,505,367.6,500,184.07824423326076
1000,rs896435_T T,0.0002726649399846792,0.00046989605115372235,142,549,397.8,542,203.09160494712725
952,rs13117519_T C,0.0002451359527185559,0.0005481406540078655,136,530,429.0,490,164.61470165206995
963,rs34311866_C C,0.00020724236965179442,0.0004634080263595518,143,464,393.4,451,140.09746607273095
928,rs10847864_G G,0.0001929317368194461,0.00026451217518621905,180,506,375.6,497,171.3805706607374
983,rs6808178_T C,0.00016338523710146546,0.0003653404966787975,153,453,387.4,441,131.15372659593015
961,rs2904880_G G,0.00015744229312986135,0.00035205166997181813,155,525,446.8,517,163.1539150618213
975,rs4771268_T C,0.00014461672399193048,0.0003233728255292813,161,508,436.2,504,153.8658506621921
972,rs4698412_G G,0.00012682800879701973,0.00028359604912107743,171,465,402.0,455,129.22074136917803
947,rs1293298_A A,0.00012666910188272596,0.0002832407224586218,173,535,459.6,529,160.2398202694948
979,rs62333164_A G,0.00011094446526840329,0.0002480793660675142,173,534,457.2,524,158.93300475357535
926,rs10513789_T T,0.00010558344656601548,0.00023609176382032737,181,458,398.4,453,121.62565518836887
956,rs2280104_T C,8.908879244700074e-05,0.00019920859594486348,197,545,472.4,539,153.98961003911919
999,rs896435_C T,7.748724310658872e-05,0.00017326674297538436,202,549,476.6,543,153.54250225914646
974,rs4771268_C C,7.491130963899195e-05,0.00016750678063632126,189,514,442.8,503,142.0623102726406
937,rs11610045_A G,7.013460199232214e-05,0.00012693255484480875,207,511,390.4,504,161.5744410480816
967,rs34637584_A G,6.858709421067032e-05,9.125865745001671e-05,210,505,331.4,225,158.11799391593607
970,rs4698412_A A,6.159627228043973e-05,0.00013773345197964923,193,495,413.2,462,124.12171445802704
968,rs34637584_G G,3.2587732493993823e-05,2.130652540852018e-05,218,506,286.2,239,123.41879921632685
1003,rs979812_T G,2.3491805768571795e-05,5.252927461274822e-05,224,521,458.2,514,130.97786072462782
990,rs76904798_C C,1.5450650244019927e-05,3.454870424220227e-05,235,502,444.6,494,117.22755648737204
948,rs1293298_C A,1.4186443877406418e-05,3.172185286886644e-05,231,541,476.4,536,137.21260875007079
960,rs2904880_C G,1.2583435454871505e-05,2.8137417067573675e-05,215,524,459.6,519,136.77828775065143
986,rs6825004_C C,1.1562361032702029e-05,2.5854225249516403e-05,234,467,416.2,457,101.96420940702673
925,rs10513789_G T,5.158964995644055e-06,1.1535796423802015e-05,226,457,406.6,452,101.07324077123481
933,rs11158026_T C,0.0,0.0,508,518,513.0,512,4.358898943540674
931,rs11158026_0 0,0.0,0.0,506,516,511.4,511,4.159326868617077
929,rs10847864_T G,0.0,0.0,498,508,503.2,503,4.324349662087928
935,rs11610045_0 0,0.0,0.0,499,509,504.6,505,4.159326868617091
934,rs11158026_T T,0.0,0.0,509,519,514.0,513,4.358898943540674
927,rs10847864_0 0,0.0,0.0,496,507,501.6,502,4.615192303685737
924,rs10513789_G G,0.0,0.0,443,456,449.4,451,5.683308895353125
923,rs10513789_0 0,0.0,0.0,442,455,448.4,450,5.683308895353125
936,rs11610045_A A,0.0,0.0,500,510,505.6,506,4.159326868617091
939,rs117896735_0 0,0.0,0.0,543,550,547.2,548,3.1144823004794935
971,rs4698412_G A,0.0,0.0,454,523,471.6,463,29.12559012277692
966,rs34637584_0 0,0.0,0.0,495,504,500.0,501,3.8729833462074192
969,rs4698412_0 0,0.0,0.0,452,494,464.4,461,17.155174146594952
973,rs4771268_0 0,0.0,0.0,502,512,507.6,507,4.037325847637274
976,rs4771268_T T,0.0,0.0,505,515,510.2,510,3.9623225512317877
977,rs62333164_0 0,0.0,0.0,522,532,526.6,528,4.449719092257393
978,rs62333164_A A,0.0,0.0,523,533,527.8,530,4.54972526643093
964,rs34311866_C T,0.0,0.0,451,493,463.4,460,17.155174146594952
962,rs34311866_0 0,0.0,0.0,449,463,456.0,458,6.2048368229954285
949,rs1293298_C C,0.0,0.0,535,543,540.0,542,3.741657386773946
940,rs117896735_A A,0.0,0.0,537,551,545.8,546,5.805170109480001
941,rs117896735_G A,0.0,0.0,521,552,538.4,545,15.693947878083451
942,rs12283611_0 0,0.0,0.0,509,553,533.6,541,18.729655629509043
943,rs12283611_A A,0.0,0.0,492,542,520.4,521,18.063775906493085
944,rs12283611_A C,0.0,0.0,497,527,514.8,518,11.144505372604039
946,rs1293298_0 0,0.0,0.0,532,542,537.4,539,4.219004621945799
950,rs13117519_0 0,0.0,0.0,489,528,500.2,497,16.115210206509868
951,rs13117519_C C,0.0,0.0,462,529,490.0,498,28.434134416225866
953,rs13117519_T T,0.0,0.0,500,531,519.6,520,11.928956366757332
954,rs2280104_0 0,0.0,0.0,536,544,541.0,543,3.741657386773946
957,rs2280104_T T,0.0,0.0,538,546,542.8,545,3.5637059362410866
958,rs2904880_0 0,0.0,0.0,514,522,518.0,517,3.807886552931956
959,rs2904880_C C,0.0,0.0,515,523,519.0,518,3.807886552931956
980,rs62333164_G G,0.0,0.0,525,535,529.6,531,4.449719092257395
981,rs6808178_0 0,0.0,0.0,438,451,444.6,447,5.77061521850141
982,rs6808178_C C,0.0,0.0,439,452,445.6,448,5.77061521850141
984,rs6808178_T T,0.0,0.0,441,454,447.4,449,5.683308895353125
985,rs6825004_0 0,0.0,0.0,456,525,473.6,465,29.12559012277692
987,rs6825004_G C,0.0,0.0,458,526,475.4,467,28.684490582891655
988,rs6825004_G G,0.0,0.0,459,527,476.4,468,28.684490582891655
989,rs76904798_0 0,0.0,0.0,493,526,507.2,501,14.09609875107294
992,rs76904798_T T,0.0,0.0,494,503,499.0,500,3.8729833462074192
993,rs873786_0 0,0.0,0.0,445,459,452.0,454,6.2048368229954285
994,rs873786_C C,0.0,0.0,446,460,453.0,455,6.2048368229954285
995,rs873786_T C,0.0,0.0,447,461,454.0,456,6.2048368229954285
996,rs873786_T T,0.0,0.0,448,462,455.0,457,6.2048368229954285
997,rs896435_0 0,0.0,0.0,539,547,543.8,546,3.5637059362410866
998,rs896435_C C,0.0,0.0,540,548,544.8,547,3.5637059362410866
1001,rs979812_0 0,0.0,0.0,510,520,515.0,514,4.358898943540674
